pdb_id,egfr_chain,uniprot_id,mutation_string,ligand_comp_id,ligand_common_name,ligand_systematic_name,ligand_chain,ligand_resnum,ligand_smiles,ligand_inchikey,covalent_status,resolution_A,experimental_method,deposit_date,release_date,other_hetero_components,n_candidate_ligands,n_polymer_entities,n_egfr_chains,metadata_status,manual_review_required,notes,title,_inter_mol_covalent_bond_count,source_url,paper_minimally_frustrated_contacts,paper_highly_frustrated_contacts,affinity_pM
1XKK,A,P00533,,FMM,N-{3-CHLORO-4-[(3-FLUOROBENZYL)OXY]PHENYL}-6-[5-({[2-(METHYLSULFONYL)ETHYL]AMINO}METHYL)-2-FURYL]-4-QUINAZOLINAMINE,N-{3-CHLORO-4-[(3-FLUOROBENZYL)OXY]PHENYL}-6-[5-({[2-(METHYLSULFONYL)ETHYL]AMINO}METHYL)-2-FURYL]-4-QUINAZOLINAMINE,A,91,CS(=O)(=O)CCNCc1ccc(o1)c2ccc3c(c2)c(ncn3)Nc4ccc(c(c4)Cl)OCc5cccc(c5)F,BCFGMOOMADDAQU-UHFFFAOYSA-N,NON_COVALENT,2.4,X-RAY DIFFRACTION,2004-09-29T00:00:00.000+00:00,2004-12-07T00:00:00.000+00:00,PO4,1,1,1,OK,False,,EGFR kinase domain complexed with a quinazoline inhibitor- GW572016,0,https://data.rcsb.org/rest/v1/core/entry/1XKK,21,0,3.0
2ITO,A,P00533,G719S,IRE,Gefitinib,Gefitinib,A,2020,COc1cc2c(cc1OCCCN3CCOCC3)c(ncn2)Nc4ccc(c(c4)Cl)F,XGALLCVXEZPNRQ-UHFFFAOYSA-N,NON_COVALENT,3.25,X-RAY DIFFRACTION,2006-05-25T00:00:00.000+00:00,2007-04-03T00:00:00.000+00:00,,1,1,1,OK,True,Low resolution: 3.25 Å,Crystal structure of EGFR kinase domain G719S mutation in complex with Iressa,0,https://data.rcsb.org/rest/v1/core/entry/2ITO,5,1,123.6
2ITP,A,P00533,G719S,AEE,"6-{4-[(4-ETHYLPIPERAZIN-1-YL)METHYL]PHENYL}-N-[(1R)-1-PHENYLETHYL]-7H-PYRROLO[2,3-D]PYRIMIDIN-4-AMINE","6-{4-[(4-ETHYLPIPERAZIN-1-YL)METHYL]PHENYL}-N-[(1R)-1-PHENYLETHYL]-7H-PYRROLO[2,3-D]PYRIMIDIN-4-AMINE",A,2019,CCN1CCN(CC1)Cc2ccc(cc2)c3cc4c([nH]3)ncnc4N[C@H](C)c5ccccc5,OONFNUWBHFSNBT-HXUWFJFHSA-N,NON_COVALENT,2.74,X-RAY DIFFRACTION,2006-05-25T00:00:00.000+00:00,2007-04-03T00:00:00.000+00:00,,1,1,1,OK,False,,Crystal structure of EGFR kinase domain G719S mutation in complex with AEE788,0,https://data.rcsb.org/rest/v1/core/entry/2ITP,10,1,11.3
2ITT,A,P00533,L858R,AEE,"6-{4-[(4-ETHYLPIPERAZIN-1-YL)METHYL]PHENYL}-N-[(1R)-1-PHENYLETHYL]-7H-PYRROLO[2,3-D]PYRIMIDIN-4-AMINE","6-{4-[(4-ETHYLPIPERAZIN-1-YL)METHYL]PHENYL}-N-[(1R)-1-PHENYLETHYL]-7H-PYRROLO[2,3-D]PYRIMIDIN-4-AMINE",A,2020,CCN1CCN(CC1)Cc2ccc(cc2)c3cc4c([nH]3)ncnc4N[C@H](C)c5ccccc5,OONFNUWBHFSNBT-HXUWFJFHSA-N,NON_COVALENT,2.73,X-RAY DIFFRACTION,2006-05-25T00:00:00.000+00:00,2007-04-03T00:00:00.000+00:00,,1,1,1,OK,False,,Crystal structure of EGFR kinase domain L858R mutation in complex with AEE788,0,https://data.rcsb.org/rest/v1/core/entry/2ITT,10,1,1.7
2ITY,A,P00533,,IRE,Gefitinib,Gefitinib,A,2020,COc1cc2c(cc1OCCCN3CCOCC3)c(ncn2)Nc4ccc(c(c4)Cl)F,XGALLCVXEZPNRQ-UHFFFAOYSA-N,NON_COVALENT,3.42,X-RAY DIFFRACTION,2006-05-25T00:00:00.000+00:00,2007-04-03T00:00:00.000+00:00,,1,1,1,OK,True,Low resolution: 3.42 Å,Crystal structure of EGFR kinase domain in complex with Iressa,0,https://data.rcsb.org/rest/v1/core/entry/2ITY,6,0,53.5
2ITZ,A,P00533,L858R,IRE,Gefitinib,Gefitinib,A,2021,COc1cc2c(cc1OCCCN3CCOCC3)c(ncn2)Nc4ccc(c(c4)Cl)F,XGALLCVXEZPNRQ-UHFFFAOYSA-N,NON_COVALENT,2.8,X-RAY DIFFRACTION,2006-05-25T00:00:00.000+00:00,2007-04-03T00:00:00.000+00:00,CL,1,1,1,OK,False,,Crystal structure of EGFR kinase domain L858R mutation in complex with Iressa,0,https://data.rcsb.org/rest/v1/core/entry/2ITZ,7,0,2.6
2J6M,A,P00533,,AEE,"6-{4-[(4-ETHYLPIPERAZIN-1-YL)METHYL]PHENYL}-N-[(1R)-1-PHENYLETHYL]-7H-PYRROLO[2,3-D]PYRIMIDIN-4-AMINE","6-{4-[(4-ETHYLPIPERAZIN-1-YL)METHYL]PHENYL}-N-[(1R)-1-PHENYLETHYL]-7H-PYRROLO[2,3-D]PYRIMIDIN-4-AMINE",A,2021,CCN1CCN(CC1)Cc2ccc(cc2)c3cc4c([nH]3)ncnc4N[C@H](C)c5ccccc5,OONFNUWBHFSNBT-HXUWFJFHSA-N,NON_COVALENT,3.1,X-RAY DIFFRACTION,2006-09-29T00:00:00.000+00:00,2007-04-03T00:00:00.000+00:00,,1,1,1,OK,True,Low resolution: 3.1 Å,Crystal structure of EGFR kinase domain in complex with AEE788,0,https://data.rcsb.org/rest/v1/core/entry/2J6M,12,0,10.9
2JIU,"A,B",P00533,T790M,AEE,"6-{4-[(4-ETHYLPIPERAZIN-1-YL)METHYL]PHENYL}-N-[(1R)-1-PHENYLETHYL]-7H-PYRROLO[2,3-D]PYRIMIDIN-4-AMINE","6-{4-[(4-ETHYLPIPERAZIN-1-YL)METHYL]PHENYL}-N-[(1R)-1-PHENYLETHYL]-7H-PYRROLO[2,3-D]PYRIMIDIN-4-AMINE",A,2017,CCN1CCN(CC1)Cc2ccc(cc2)c3cc4c([nH]3)ncnc4N[C@H](C)c5ccccc5,OONFNUWBHFSNBT-HXUWFJFHSA-N,NON_COVALENT,3.05,X-RAY DIFFRACTION,2007-07-01T00:00:00.000+00:00,2008-01-22T00:00:00.000+00:00,,1,1,2,OK,True,Multiple EGFR chains (asymmetric unit) — which copy to use will be decided in Stage 3. | Low resolution: 3.05 Å,Crystal structure of EGFR kinase domain T790M mutation in complex with AEE788,0,https://data.rcsb.org/rest/v1/core/entry/2JIU,13,0,27.6
2RGP,A,P00533,,HYZ,"N-[1-(3-fluorobenzyl)-1H-indazol-5-yl]-5-[(piperidin-1-ylamino)methyl]pyrimidine-4,6-diamine","N-[1-(3-fluorobenzyl)-1H-indazol-5-yl]-5-[(piperidin-1-ylamino)methyl]pyrimidine-4,6-diamine",A,1,c1cc(cc(c1)F)Cn2c3ccc(cc3cn2)Nc4c(c(ncn4)N)CNN5CCCCC5,IMHOFYWDXRUQBM-UHFFFAOYSA-N,NON_COVALENT,2.0,X-RAY DIFFRACTION,2007-10-04T00:00:00.000+00:00,2008-08-26T00:00:00.000+00:00,PO4,1,1,1,OK,False,,"Structure of EGFR in complex with hydrazone, a potent dual inhibitor",0,https://data.rcsb.org/rest/v1/core/entry/2RGP,22,0,30.0
3BEL,A,P00533,,POX,4-amino-6-{[1-(3-fluorobenzyl)-1H-indazol-5-yl]amino}pyrimidine-5-carbaldehyde O-(2-methoxyethyl)oxime,4-amino-6-{[1-(3-fluorobenzyl)-1H-indazol-5-yl]amino}pyrimidine-5-carbaldehyde O-(2-methoxyethyl)oxime,A,1,COCCO/N=C/c1c(ncnc1Nc2ccc3c(c2)cnn3Cc4cccc(c4)F)N,KSGYKTRNRCPDHT-KVSWJAHQSA-N,NON_COVALENT,2.3,X-RAY DIFFRACTION,2007-11-19T00:00:00.000+00:00,2008-07-01T00:00:00.000+00:00,PO4,1,1,1,OK,False,,X-ray structure of EGFR in complex with oxime inhibitor,0,https://data.rcsb.org/rest/v1/core/entry/3BEL,22,0,14.0
3IKA,"A,B",P00533,T790M,0UN,N-{3-[(5-chloro-2-{[2-methoxy-4-(4-methylpiperazin-1-yl)phenyl]amino}pyrimidin-4-yl)oxy]phenyl}prop-2-enamide,N-{3-[(5-chloro-2-{[2-methoxy-4-(4-methylpiperazin-1-yl)phenyl]amino}pyrimidin-4-yl)oxy]phenyl}prop-2-enamide,A,1797,CN1CCN(CC1)c2ccc(c(c2)OC)Nc3ncc(c(n3)Oc4cccc(c4)NC(=O)C=C)Cl,ITTRLTNMFYIYPA-UHFFFAOYSA-N,COVALENT_CONFIRMED,2.9,X-RAY DIFFRACTION,2009-08-05T00:00:00.000+00:00,2010-01-12T00:00:00.000+00:00,,1,1,2,OK,True,RCSB rcsb_nonpolymer_instance_annotation: HAS_COVALENT_LINKAGE — ligand is covalently bound to EGFR (authoritative source). Will need covalent params/patch in Stage 5. | Multiple EGFR chains (asymmetric unit) — which copy to use will be decided in Stage 3.,Crystal Structure of EGFR 696-1022 T790M Mutant Covalently Binding to WZ4002,1,https://data.rcsb.org/rest/v1/core/entry/3IKA,14,0,14.0
3POZ,A,P00533,,03P,"N-{2-[4-({3-chloro-4-[3-(trifluoromethyl)phenoxy]phenyl}amino)-5H-pyrrolo[3,2-d]pyrimidin-5-yl]ethyl}-3-hydroxy-3-methylbutanamide","N-{2-[4-({3-chloro-4-[3-(trifluoromethyl)phenoxy]phenyl}amino)-5H-pyrrolo[3,2-d]pyrimidin-5-yl]ethyl}-3-hydroxy-3-methylbutanamide",A,1023,CC(C)(CC(=O)NCCn1ccc2c1c(ncn2)Nc3ccc(c(c3)Cl)Oc4cccc(c4)C(F)(F)F)O,ZYQXEVJIFYIBHZ-UHFFFAOYSA-N,NON_COVALENT,1.5,X-RAY DIFFRACTION,2010-11-23T00:00:00.000+00:00,2011-03-30T00:00:00.000+00:00,SO4,1,1,1,OK,False,,EGFR Kinase domain complexed with tak-285,0,https://data.rcsb.org/rest/v1/core/entry/3POZ,15,0,23.0
3W2O,A,P00533,L858R;T790M,03P,"N-{2-[4-({3-chloro-4-[3-(trifluoromethyl)phenoxy]phenyl}amino)-5H-pyrrolo[3,2-d]pyrimidin-5-yl]ethyl}-3-hydroxy-3-methylbutanamide","N-{2-[4-({3-chloro-4-[3-(trifluoromethyl)phenoxy]phenyl}amino)-5H-pyrrolo[3,2-d]pyrimidin-5-yl]ethyl}-3-hydroxy-3-methylbutanamide",A,1101,CC(C)(CC(=O)NCCn1ccc2c1c(ncn2)Nc3ccc(c(c3)Cl)Oc4cccc(c4)C(F)(F)F)O,ZYQXEVJIFYIBHZ-UHFFFAOYSA-N,NON_COVALENT,2.35,X-RAY DIFFRACTION,2012-12-03T00:00:00.000+00:00,2013-01-16T00:00:00.000+00:00,,1,1,1,OK,False,,EGFR Kinase domain T790M/L858R Mutant with TAK-285,0,https://data.rcsb.org/rest/v1/core/entry/3W2O,4,0,8400.0
3W2P,A,P00533,L858R;T790M,W2P,"N-{2-[4-({3-chloro-4-[3-(trifluoromethyl)phenoxy]phenyl}amino)-5H-pyrrolo[3,2-d]pyrimidin-5-yl]ethyl}-4-(dimethylamino)butanamide","N-{2-[4-({3-chloro-4-[3-(trifluoromethyl)phenoxy]phenyl}amino)-5H-pyrrolo[3,2-d]pyrimidin-5-yl]ethyl}-4-(dimethylamino)butanamide",A,1101,CN(C)CCCC(=O)NCCn1ccc2c1c(ncn2)Nc3ccc(c(c3)Cl)Oc4cccc(c4)C(F)(F)F,NYVVVTXEFVDYBD-UHFFFAOYSA-N,COVALENT_CONFIRMED,2.05,X-RAY DIFFRACTION,2012-12-03T00:00:00.000+00:00,2013-01-16T00:00:00.000+00:00,,1,1,1,OK,True,RCSB rcsb_nonpolymer_instance_annotation: HAS_COVALENT_LINKAGE — ligand is covalently bound to EGFR (authoritative source). Will need covalent params/patch in Stage 5.,EGFR Kinase domain T790M/L858R mutant with compound 2,1,https://data.rcsb.org/rest/v1/core/entry/3W2P,6,0,8100.0
3W2Q,A,P00533,L858R;T790M,HKI,N-(4-{[3-chloro-4-(pyridin-2-ylmethoxy)phenyl]amino}-3-cyano-7-ethoxyquinolin-6-yl)-4-(dimethylamino)butanamide,N-(4-{[3-chloro-4-(pyridin-2-ylmethoxy)phenyl]amino}-3-cyano-7-ethoxyquinolin-6-yl)-4-(dimethylamino)butanamide,A,1101,CCOc1cc2c(cc1NC(=O)CCCN(C)C)c(c(cn2)C#N)Nc3ccc(c(c3)Cl)OCc4ccccn4,MIURWHKJMYMLCP-UHFFFAOYSA-N,COVALENT_CONFIRMED,2.2,X-RAY DIFFRACTION,2012-12-03T00:00:00.000+00:00,2013-01-16T00:00:00.000+00:00,MES,1,1,1,OK,True,RCSB rcsb_nonpolymer_instance_annotation: HAS_COVALENT_LINKAGE — ligand is covalently bound to EGFR (authoritative source). Will need covalent params/patch in Stage 5.,EGFR kinase domain T790M/L858R mutant with HKI-272,1,https://data.rcsb.org/rest/v1/core/entry/3W2Q,14,0,66.0
3W2R,A,P00533,L858R;T790M,W2R,"1-{3-[2-chloro-4-({5-[2-(2-hydroxyethoxy)ethyl]-5H-pyrrolo[3,2-d]pyrimidin-4-yl}amino)phenoxy]phenyl}-3-cyclohexylurea","1-{3-[2-chloro-4-({5-[2-(2-hydroxyethoxy)ethyl]-5H-pyrrolo[3,2-d]pyrimidin-4-yl}amino)phenoxy]phenyl}-3-cyclohexylurea",A,1101,c1cc(cc(c1)Oc2ccc(cc2Cl)Nc3c4c(ccn4CCOCCO)ncn3)NC(=O)NC5CCCCC5,WDGCQQKABPWBPZ-UHFFFAOYSA-N,NON_COVALENT,2.05,X-RAY DIFFRACTION,2012-12-03T00:00:00.000+00:00,2013-01-16T00:00:00.000+00:00,EDO,1,1,1,OK,False,,EGFR Kinase domain T790M/L858R mutant with compound 4,0,https://data.rcsb.org/rest/v1/core/entry/3W2R,12,0,19.0
3W2S,A,P00533,,W2R,"1-{3-[2-chloro-4-({5-[2-(2-hydroxyethoxy)ethyl]-5H-pyrrolo[3,2-d]pyrimidin-4-yl}amino)phenoxy]phenyl}-3-cyclohexylurea","1-{3-[2-chloro-4-({5-[2-(2-hydroxyethoxy)ethyl]-5H-pyrrolo[3,2-d]pyrimidin-4-yl}amino)phenoxy]phenyl}-3-cyclohexylurea",A,1101,c1cc(cc(c1)Oc2ccc(cc2Cl)Nc3c4c(ccn4CCOCCO)ncn3)NC(=O)NC5CCCCC5,WDGCQQKABPWBPZ-UHFFFAOYSA-N,NON_COVALENT,1.9,X-RAY DIFFRACTION,2012-12-03T00:00:00.000+00:00,2013-01-16T00:00:00.000+00:00,SO4,1,1,1,OK,False,,EGFR kinase domain with compound4,0,https://data.rcsb.org/rest/v1/core/entry/3W2S,13,0,6.9
3W32,A,P00533,,W32,"4-({3-chloro-4-[3-(trifluoromethyl)phenoxy]phenyl}amino)-N-[2-(methylsulfonyl)ethyl]-8,9-dihydro-7H-pyrimido[4,5-b]azepine-6-carboxamide","4-({3-chloro-4-[3-(trifluoromethyl)phenoxy]phenyl}amino)-N-[2-(methylsulfonyl)ethyl]-8,9-dihydro-7H-pyrimido[4,5-b]azepine-6-carboxamide",A,1101,CS(=O)(=O)CCNC(=O)C1=Cc2c(ncnc2Nc3ccc(c(c3)Cl)Oc4cccc(c4)C(F)(F)F)NCC1,QRXMEGUJRZKMEO-UHFFFAOYSA-N,NON_COVALENT,1.8,X-RAY DIFFRACTION,2012-12-07T00:00:00.000+00:00,2013-03-06T00:00:00.000+00:00,SO4,1,1,1,OK,False,,EGFR kinase domain complexed with compound 20a,0,https://data.rcsb.org/rest/v1/core/entry/3W32,7,0,75.0
3W33,A,P00533,,W19,"4-{[4-(1-benzothiophen-4-yloxy)-3-chlorophenyl]amino}-N-(2-hydroxyethyl)-8,9-dihydro-7H-pyrimido[4,5-b]azepine-6-carboxamide","4-{[4-(1-benzothiophen-4-yloxy)-3-chlorophenyl]amino}-N-(2-hydroxyethyl)-8,9-dihydro-7H-pyrimido[4,5-b]azepine-6-carboxamide",A,1101,c1cc(c2ccsc2c1)Oc3ccc(cc3Cl)Nc4c5c(ncn4)NCCC(=C5)C(=O)NCCO,QHUDPFOODLMGQO-UHFFFAOYSA-N,NON_COVALENT,1.7,X-RAY DIFFRACTION,2012-12-07T00:00:00.000+00:00,2013-03-06T00:00:00.000+00:00,SO4,1,1,1,OK,False,,EGFR kinase domain complexed with compound 19b,0,https://data.rcsb.org/rest/v1/core/entry/3W33,23,0,36.0
4JQ7,A,P00533,,KJQ,"(2S)-2-[(5,6-diphenylfuro[2,3-d]pyrimidin-4-yl)amino]-2-phenylethanol","(2S)-2-[(5,6-diphenylfuro[2,3-d]pyrimidin-4-yl)amino]-2-phenylethanol",A,1001,c1ccc(cc1)c2c3c(ncnc3oc2c4ccccc4)N[C@H](CO)c5ccccc5,CCGBAJCQZPJWCS-OAQYLSRUSA-N,NON_COVALENT,2.73,X-RAY DIFFRACTION,2013-03-20T00:00:00.000+00:00,2013-06-19T00:00:00.000+00:00,,1,1,1,OK,False,,Crystal structure of EGFR kinase domain in complex with compound 2a,0,https://data.rcsb.org/rest/v1/core/entry/4JQ7,16,0,393.0
4JQ8,A,P00533,,KJ8,"N-[3-(4-{[(1S)-2-hydroxy-1-phenylethyl]amino}-6-phenylfuro[2,3-d]pyrimidin-5-yl)phenyl]-N~3~,N~3~-dimethyl-beta-alaninamide","N-[3-(4-{[(1S)-2-hydroxy-1-phenylethyl]amino}-6-phenylfuro[2,3-d]pyrimidin-5-yl)phenyl]-N~3~,N~3~-dimethyl-beta-alaninamide",A,1001,CN(C)CCC(=O)Nc1cccc(c1)c2c3c(ncnc3oc2c4ccccc4)N[C@H](CO)c5ccccc5,ASCVQXWPIHGQIB-RUZDIDTESA-N,NON_COVALENT,2.83,X-RAY DIFFRACTION,2013-03-20T00:00:00.000+00:00,2013-06-19T00:00:00.000+00:00,,1,1,1,OK,False,,Crystal structure of EGFR kinase domain in complex with compound 4b,0,https://data.rcsb.org/rest/v1/core/entry/4JQ8,16,0,8.0
4JR3,A,P00533,,KJR,"N-[3-(4-{[(1S)-2-hydroxy-1-phenylethyl]amino}-6-phenylfuro[2,3-d]pyrimidin-5-yl)phenyl]acetamide","N-[3-(4-{[(1S)-2-hydroxy-1-phenylethyl]amino}-6-phenylfuro[2,3-d]pyrimidin-5-yl)phenyl]acetamide",A,1001,CC(=O)Nc1cccc(c1)c2c3c(ncnc3oc2c4ccccc4)N[C@H](CO)c5ccccc5,QTVUEQZXBRDKNW-HSZRJFAPSA-N,NON_COVALENT,2.7,X-RAY DIFFRACTION,2013-03-21T00:00:00.000+00:00,2013-06-19T00:00:00.000+00:00,,1,1,1,OK,False,,Crystal structure of EGFR kinase domain in complex with compound 3g,0,https://data.rcsb.org/rest/v1/core/entry/4JR3,13,0,218.0
4JRV,A,P00533,,KJV,"4-(dimethylamino)-N-[3-(4-{[(1S)-2-hydroxy-1-phenylethyl]amino}-6-phenylfuro[2,3-d]pyrimidin-5-yl)phenyl]butanamide","4-(dimethylamino)-N-[3-(4-{[(1S)-2-hydroxy-1-phenylethyl]amino}-6-phenylfuro[2,3-d]pyrimidin-5-yl)phenyl]butanamide",A,1001,CN(C)CCCC(=O)Nc1cccc(c1)c2c3c(ncnc3oc2c4ccccc4)N[C@H](CO)c5ccccc5,KPTUKIAZZFDEOC-AREMUKBSSA-N,NON_COVALENT,2.8,X-RAY DIFFRACTION,2013-03-22T00:00:00.000+00:00,2013-06-19T00:00:00.000+00:00,,1,1,1,OK,False,,Crystal structure of EGFR kinase domain in complex with compound 4c,0,https://data.rcsb.org/rest/v1/core/entry/4JRV,14,0,29.0
4LI5,A,P00533,,1WY,N-(3-{[5-chloro-4-(1H-indol-3-yl)pyrimidin-2-yl]amino}-4-methoxyphenyl)propanamide,N-(3-{[5-chloro-4-(1H-indol-3-yl)pyrimidin-2-yl]amino}-4-methoxyphenyl)propanamide,A,1101,CCC(=O)Nc1ccc(c(c1)Nc2ncc(c(n2)c3c[nH]c4c3cccc4)Cl)OC,WBICYBFULYQLHC-UHFFFAOYSA-N,NON_COVALENT,2.64,X-RAY DIFFRACTION,2013-07-02T00:00:00.000+00:00,2013-08-28T00:00:00.000+00:00,NA,1,1,1,OK,False,,EGFR-K IN COMPLEX WITH N-[3-[[5-chloro-4-(1H-indol-3-yl)pyrimidin-2-yl]amino]-4-methoxy-phenyl] Prop-2-enamide,0,https://data.rcsb.org/rest/v1/core/entry/4LI5,10,0,550.0
4RJ4,A,P00533,E865A;E866A;K867A;L858R;T790M,3QW,"N-[2-(4-methoxypiperidin-1-yl)pyrimidin-4-yl]-1-(propan-2-yl)-2-(1H-pyrazol-4-yl)-1H-pyrrolo[3,2-c]pyridin-6-amine","N-[2-(4-methoxypiperidin-1-yl)pyrimidin-4-yl]-1-(propan-2-yl)-2-(1H-pyrazol-4-yl)-1H-pyrrolo[3,2-c]pyridin-6-amine",A,1101,CC(C)n1c2cc(ncc2cc1c3c[nH]nc3)Nc4ccnc(n4)N5CCC(CC5)OC,GZCREURYZWXRHS-UHFFFAOYSA-N,NON_COVALENT,2.78,X-RAY DIFFRACTION,2014-10-08T00:00:00.000+00:00,2014-11-26T00:00:00.000+00:00,,1,1,1,OK,False,,EGFR kinase (T790M/L858R) with inhibitor compound 6,0,https://data.rcsb.org/rest/v1/core/entry/4RJ4,11,0,16.0
4RJ5,A,P00533,E865A;E866A;K867A;L858R;T790M,3QY,"N-[2-(4-methoxypiperidin-1-yl)pyrimidin-4-yl]-2-(1H-pyrazol-4-yl)-1H-pyrrolo[3,2-c]pyridin-6-amine","N-[2-(4-methoxypiperidin-1-yl)pyrimidin-4-yl]-2-(1H-pyrazol-4-yl)-1H-pyrrolo[3,2-c]pyridin-6-amine",A,1101,COC1CCN(CC1)c2nccc(n2)Nc3cc4c(cc([nH]4)c5c[nH]nc5)cn3,ZYQLGVMUVCWJRA-UHFFFAOYSA-N,NON_COVALENT,3.1,X-RAY DIFFRACTION,2014-10-08T00:00:00.000+00:00,2014-11-26T00:00:00.000+00:00,,1,1,1,OK,True,Low resolution: 3.1 Å,EGFR kinase (T790M/L858R) with inhibitor compound 5,0,https://data.rcsb.org/rest/v1/core/entry/4RJ5,9,0,66.0
4RJ6,A,P00533,E865A;E866A;K867A;L858R;T790M,3R0,"N-[2-(4-methoxypiperidin-1-yl)pyrimidin-4-yl]-2-(1H-pyrazol-4-yl)-3H-imidazo[4,5-c]pyridin-6-amine","N-[2-(4-methoxypiperidin-1-yl)pyrimidin-4-yl]-2-(1H-pyrazol-4-yl)-3H-imidazo[4,5-c]pyridin-6-amine",A,1102,COC1CCN(CC1)c2nccc(n2)Nc3cc4c(cn3)[nH]c(n4)c5c[nH]nc5,CBLSWPLVIPVELR-UHFFFAOYSA-N,NON_COVALENT,2.7,X-RAY DIFFRACTION,2014-10-08T00:00:00.000+00:00,2014-11-26T00:00:00.000+00:00,SO4,1,1,1,OK,False,,EGFR kinase (T790M/L858R) with inhibitor compound 4,0,https://data.rcsb.org/rest/v1/core/entry/4RJ6,10,0,76.0
4RJ7,A,P00533,E865A;E866A;K867A;L858R;T790M,3R1,"2,6-dichloro-N-{2-[(2-{[(2S)-1-hydroxypropan-2-yl]amino}-6-methylpyrimidin-4-yl)amino]pyridin-4-yl}benzamide","2,6-dichloro-N-{2-[(2-{[(2S)-1-hydroxypropan-2-yl]amino}-6-methylpyrimidin-4-yl)amino]pyridin-4-yl}benzamide",A,1102,Cc1cc(nc(n1)N[C@@H](C)CO)Nc2cc(ccn2)NC(=O)c3c(cccc3Cl)Cl,SMUCRZPXLSRBNU-LBPRGKRZSA-N,NON_COVALENT,2.55,X-RAY DIFFRACTION,2014-10-08T00:00:00.000+00:00,2014-11-26T00:00:00.000+00:00,SO4,1,1,1,OK,False,,EGFR kinase (T790M/L858R) with inhibitor compound 1,0,https://data.rcsb.org/rest/v1/core/entry/4RJ7,13,0,22.0
5C8K,A,P00533,E865A;E866A;K867A;L858R;T790M,4YV,"1-cyclopentyl-N-[2-(4-methoxypiperidin-1-yl)pyrimidin-4-yl]-1H-imidazo[4,5-c]pyridin-6-amine","1-cyclopentyl-N-[2-(4-methoxypiperidin-1-yl)pyrimidin-4-yl]-1H-imidazo[4,5-c]pyridin-6-amine",A,1101,COC1CCN(CC1)c2nccc(n2)Nc3cc4c(cn3)ncn4C5CCCC5,HVRZVMCNHMWTOQ-UHFFFAOYSA-N,NON_COVALENT,3.0,X-RAY DIFFRACTION,2015-06-25T00:00:00.000+00:00,2015-10-28T00:00:00.000+00:00,,1,1,1,OK,False,,"EGFR kinase domain mutant ""TMLR"" with compound 1",0,https://data.rcsb.org/rest/v1/core/entry/5C8K,11,0,20.0
5C8M,A,P00533,E865A;E866A;K867A;L858R;T790M,4YW,"2-methyl-N-{2-[4-(methylsulfonyl)piperidin-1-yl]pyrimidin-4-yl}-1-(propan-2-yl)-1H-imidazo[4,5-c]pyridin-6-amine","2-methyl-N-{2-[4-(methylsulfonyl)piperidin-1-yl]pyrimidin-4-yl}-1-(propan-2-yl)-1H-imidazo[4,5-c]pyridin-6-amine",A,1101,Cc1nc2cnc(cc2n1C(C)C)Nc3ccnc(n3)N4CCC(CC4)S(=O)(=O)C,UMJAMNNZTJYPHO-UHFFFAOYSA-N,NON_COVALENT,2.9,X-RAY DIFFRACTION,2015-06-25T00:00:00.000+00:00,2015-10-28T00:00:00.000+00:00,,1,1,1,OK,False,,"EGFR kinase domain mutant ""TMLR"" with compound 17",0,https://data.rcsb.org/rest/v1/core/entry/5C8M,11,0,64.0
5C8N,A,P00533,E865A;E866A;K867A;L858R;T790M,4YX,"N-{2-[4-(2-aminoethyl)-4-methoxypiperidin-1-yl]pyrimidin-4-yl}-2-methyl-1-(propan-2-yl)-1H-imidazo[4,5-c]pyridin-6-amine","N-{2-[4-(2-aminoethyl)-4-methoxypiperidin-1-yl]pyrimidin-4-yl}-2-methyl-1-(propan-2-yl)-1H-imidazo[4,5-c]pyridin-6-amine",A,1102,Cc1nc2cnc(cc2n1C(C)C)Nc3ccnc(n3)N4CCC(CC4)(CCN)OC,CGDZTEHAPAOWKF-UHFFFAOYSA-N,NON_COVALENT,2.401,X-RAY DIFFRACTION,2015-06-25T00:00:00.000+00:00,2015-10-28T00:00:00.000+00:00,SO4,1,1,1,OK,False,,"EGFR kinase domain mutant ""TMLR"" with compound 23",0,https://data.rcsb.org/rest/v1/core/entry/5C8N,14,0,28.0
5CAL,A,P00533,E865A;E866A;K867A;L858R;T790M,4Z8,"2,2-dimethyl-3-[(4-{[2-methyl-1-(propan-2-yl)-1H-imidazo[4,5-c]pyridin-6-yl]amino}pyrimidin-2-yl)amino]propanamide","2,2-dimethyl-3-[(4-{[2-methyl-1-(propan-2-yl)-1H-imidazo[4,5-c]pyridin-6-yl]amino}pyrimidin-2-yl)amino]propanamide",A,1101,Cc1nc2cnc(cc2n1C(C)C)Nc3ccnc(n3)NCC(C)(C)C(=O)N,MTUQMGZENJYREJ-UHFFFAOYSA-N,NON_COVALENT,2.7,X-RAY DIFFRACTION,2015-06-29T00:00:00.000+00:00,2015-10-28T00:00:00.000+00:00,,1,1,1,OK,False,,"EGFR kinase domain mutant ""TMLR"" with compound 24",0,https://data.rcsb.org/rest/v1/core/entry/5CAL,20,0,22.0
5CAN,A,P00533,E865A;E866A;K867A;L858R;T790M,4ZB,"(3R)-3-methyl-1-(4-{[2-methyl-1-(propan-2-yl)-1H-imidazo[4,5-c]pyridin-6-yl]amino}pyrimidin-2-yl)pyrrolidine-3-carboxamide","(3R)-3-methyl-1-(4-{[2-methyl-1-(propan-2-yl)-1H-imidazo[4,5-c]pyridin-6-yl]amino}pyrimidin-2-yl)pyrrolidine-3-carboxamide",A,1102,Cc1nc2cnc(cc2n1C(C)C)Nc3ccnc(n3)N4CC[C@@](C4)(C)C(=O)N,WPZKCOGUAMITHT-HXUWFJFHSA-N,NON_COVALENT,2.8,X-RAY DIFFRACTION,2015-06-29T00:00:00.000+00:00,2015-10-28T00:00:00.000+00:00,SO4,1,1,1,OK,False,,"EGFR kinase domain mutant ""TMLR"" with compound 27",0,https://data.rcsb.org/rest/v1/core/entry/5CAN,13,0,14.0
5CAO,A,P00533,E865A;E866A;K867A;L858R;T790M,4ZG,"N~2~-[2-methyl-2-(methylsulfonyl)propyl]-N~4~-[2-methyl-1-(propan-2-yl)-1H-imidazo[4,5-c]pyridin-6-yl]pyrimidine-2,4-diamine","N~2~-[2-methyl-2-(methylsulfonyl)propyl]-N~4~-[2-methyl-1-(propan-2-yl)-1H-imidazo[4,5-c]pyridin-6-yl]pyrimidine-2,4-diamine",A,1101,Cc1nc2cnc(cc2n1C(C)C)Nc3ccnc(n3)NCC(C)(C)S(=O)(=O)C,FYQBREXHKBTBID-UHFFFAOYSA-N,NON_COVALENT,2.6,X-RAY DIFFRACTION,2015-06-29T00:00:00.000+00:00,2015-10-28T00:00:00.000+00:00,,1,1,1,OK,False,,"EGFR kinase domain mutant ""TMLR"" with compound 29",0,https://data.rcsb.org/rest/v1/core/entry/5CAO,12,0,38.0
5CAP,A,P00533,E865A;E866A;K867A;L858R;T790M,4ZH,"2-methyl-N-[2-(2-methyl-2-methylsulfonyl-propoxy)pyrimidin-4-yl]-1-propan-2-yl-imidazo[4,5-c]pyridin-6-amine","2-methyl-N-[2-(2-methyl-2-methylsulfonyl-propoxy)pyrimidin-4-yl]-1-propan-2-yl-imidazo[4,5-c]pyridin-6-amine",A,1103,Cc1nc2cnc(cc2n1C(C)C)Nc3ccnc(n3)OCC(C)(C)S(=O)(=O)C,SHYWETJFHVMCJS-UHFFFAOYSA-N,NON_COVALENT,2.4,X-RAY DIFFRACTION,2015-06-29T00:00:00.000+00:00,2015-10-28T00:00:00.000+00:00,SO4,1,1,1,OK,False,,"EGFR kinase domain mutant ""TMLR"" with compound 30",0,https://data.rcsb.org/rest/v1/core/entry/5CAP,14,0,52.0
5CAQ,A,P00533,E865A;E866A;K867A;L858R;T790M,4ZJ,"N-[2-[(3R,4S)-3-fluoranyl-4-methoxy-piperidin-1-yl]pyrimidin-4-yl]-2-methyl-1-propan-2-yl-imidazo[4,5-c]pyridin-6-amine","N-[2-[(3R,4S)-3-fluoranyl-4-methoxy-piperidin-1-yl]pyrimidin-4-yl]-2-methyl-1-propan-2-yl-imidazo[4,5-c]pyridin-6-amine",A,1102,Cc1nc2cnc(cc2n1C(C)C)Nc3ccnc(n3)N4CC[C@@H]([C@@H](C4)F)OC,WBAMFNDJQOEJFN-PBHICJAKSA-N,NON_COVALENT,2.5,X-RAY DIFFRACTION,2015-06-29T00:00:00.000+00:00,2015-10-28T00:00:00.000+00:00,SO4,1,1,1,OK,False,,"EGFR kinase domain mutant ""TMLR"" with compound 33",0,https://data.rcsb.org/rest/v1/core/entry/5CAQ,17,0,2.7
5CAS,A,P00533,E865A;E866A;K867A;L858R;T790M,4ZQ,"(1R)-1-{6-({2-[(3R,4S)-3-fluoro-4-methoxypiperidin-1-yl]pyrimidin-4-yl}amino)-1-[(2S)-1,1,1-trifluoropropan-2-yl]-1H-imidazo[4,5-c]pyridin-2-yl}ethanol","(1R)-1-{6-({2-[(3R,4S)-3-fluoro-4-methoxypiperidin-1-yl]pyrimidin-4-yl}amino)-1-[(2S)-1,1,1-trifluoropropan-2-yl]-1H-imidazo[4,5-c]pyridin-2-yl}ethanol",A,1102,C[C@H](c1nc2cnc(cc2n1[C@@H](C)C(F)(F)F)Nc3ccnc(n3)N4CC[C@@H]([C@@H](C4)F)OC)O,BOPSHQJEVUOWPS-IATRGZMQSA-N,NON_COVALENT,2.1,X-RAY DIFFRACTION,2015-06-29T00:00:00.000+00:00,2015-10-28T00:00:00.000+00:00,SO4,1,1,1,OK,False,,"EGFR kinase domain mutant ""TMLR"" with compound 41a",0,https://data.rcsb.org/rest/v1/core/entry/5CAS,16,0,1.4
5CAU,A,P00533,E865A;E866A;K867A;L858R;T790M,4ZR,"(1R)-1-{6-({2-[(3S,4R)-3-fluoro-4-methoxypiperidin-1-yl]pyrimidin-4-yl}amino)-1-[(2S)-1,1,1-trifluoropropan-2-yl]-1H-imidazo[4,5-c]pyridin-2-yl}ethanol","(1R)-1-{6-({2-[(3S,4R)-3-fluoro-4-methoxypiperidin-1-yl]pyrimidin-4-yl}amino)-1-[(2S)-1,1,1-trifluoropropan-2-yl]-1H-imidazo[4,5-c]pyridin-2-yl}ethanol",A,1102,C[C@H](c1nc2cnc(cc2n1[C@@H](C)C(F)(F)F)Nc3ccnc(n3)N4CC[C@H]([C@H](C4)F)OC)O,BOPSHQJEVUOWPS-LMOYCYGVSA-N,NON_COVALENT,2.25,X-RAY DIFFRACTION,2015-06-29T00:00:00.000+00:00,2015-10-28T00:00:00.000+00:00,SO4,1,1,1,OK,False,,"EGFR kinase domain mutant ""TMLR"" with compound 41b",0,https://data.rcsb.org/rest/v1/core/entry/5CAU,15,0,1.6
5CAV,A,P00533,,4ZQ,"(1R)-1-{6-({2-[(3R,4S)-3-fluoro-4-methoxypiperidin-1-yl]pyrimidin-4-yl}amino)-1-[(2S)-1,1,1-trifluoropropan-2-yl]-1H-imidazo[4,5-c]pyridin-2-yl}ethanol","(1R)-1-{6-({2-[(3R,4S)-3-fluoro-4-methoxypiperidin-1-yl]pyrimidin-4-yl}amino)-1-[(2S)-1,1,1-trifluoropropan-2-yl]-1H-imidazo[4,5-c]pyridin-2-yl}ethanol",A,1101,C[C@H](c1nc2cnc(cc2n1[C@@H](C)C(F)(F)F)Nc3ccnc(n3)N4CC[C@@H]([C@@H](C4)F)OC)O,BOPSHQJEVUOWPS-IATRGZMQSA-N,NON_COVALENT,2.73,X-RAY DIFFRACTION,2015-06-30T00:00:00.000+00:00,2015-10-28T00:00:00.000+00:00,,1,1,1,OK,False,,EGFR kinase domain with compound 41a,0,https://data.rcsb.org/rest/v1/core/entry/5CAV,7,0,216.0
5EDQ,A,P00533,E865A;E866A;K867A;L858R;T790M,5N3,"~{N}-(7-chloranyl-1~{H}-indazol-3-yl)-7,7-dimethyl-2-(1~{H}-pyrazol-4-yl)-5~{H}-furo[3,4-d]pyrimidin-4-amine","~{N}-(7-chloranyl-1~{H}-indazol-3-yl)-7,7-dimethyl-2-(1~{H}-pyrazol-4-yl)-5~{H}-furo[3,4-d]pyrimidin-4-amine",A,1101,CC1(c2c(c(nc(n2)c3c[nH]nc3)Nc4c5cccc(c5[nH]n4)Cl)CO1)C,OWTUZFHMSVAQSQ-UHFFFAOYSA-N,NON_COVALENT,2.8,X-RAY DIFFRACTION,2015-10-21T00:00:00.000+00:00,2015-12-02T00:00:00.000+00:00,,1,1,1,OK,False,,"EGFR kinase (T790M/L858R) with inhibitor compound 15: ~{N}-(7-chloranyl-1~{H}-indazol-3-yl)-7,7-dimethyl-2-(1~{H}-pyrazol-4-yl)-5~{H}-furo[3,4-d]pyrimidin-4-amine",0,https://data.rcsb.org/rest/v1/core/entry/5EDQ,5,0,2.0
5EDR,A,P00533,E865A;E866A;K867A;L858R;T790M,5N4,"~{N}-(1~{H}-indazol-3-yl)-7,7-dimethyl-2-(2-methylpyrazol-3-yl)-5~{H}-furo[3,4-d]pyrimidin-4-amine","~{N}-(1~{H}-indazol-3-yl)-7,7-dimethyl-2-(2-methylpyrazol-3-yl)-5~{H}-furo[3,4-d]pyrimidin-4-amine",A,1101,CC1(c2c(c(nc(n2)c3ccnn3C)Nc4c5ccccc5[nH]n4)CO1)C,HMWMAHXTIWOHMD-UHFFFAOYSA-N,NON_COVALENT,2.6,X-RAY DIFFRACTION,2015-10-21T00:00:00.000+00:00,2015-12-02T00:00:00.000+00:00,,1,1,1,OK,False,,"EGFR kinase (T790M/L858R) with inhibitor compound 27: ~{N}-(1~{H}-indazol-3-yl)-7,7-dimethyl-2-(2-methylpyrazol-3-yl)-5~{H}-furo[3,4-d]pyrimidin-4-amine",0,https://data.rcsb.org/rest/v1/core/entry/5EDR,9,0,34.3
5EM5,A,P00533,E865A;E866A;K867A;L858R;T790M,5Q2,4-[2-(4-chlorophenyl)ethylamino]-~{N}-[4-(4-methylpiperazin-1-yl)phenyl]-2-oxidanylidene-1~{H}-pyridine-3-carboxamide,4-[2-(4-chlorophenyl)ethylamino]-~{N}-[4-(4-methylpiperazin-1-yl)phenyl]-2-oxidanylidene-1~{H}-pyridine-3-carboxamide,A,1101,CN1CCN(CC1)c2ccc(cc2)NC(=O)C3=C(C=CNC3=O)NCCc4ccc(cc4)Cl,MOSAREMUBHMKIV-UHFFFAOYSA-N,NON_COVALENT,2.65,X-RAY DIFFRACTION,2015-11-05T00:00:00.000+00:00,2015-12-30T00:00:00.000+00:00,,1,1,1,OK,False,,"EGFR kinase domain mutant ""TMLR"" with pyridone compound 2: 4-[2-(4-chlorophenyl)ethylamino]-~{N}-[4-(4-methylpiperazin-1-yl)phenyl]-2-oxidanylidene-1~{H}-pyridine-3-carboxamide",0,https://data.rcsb.org/rest/v1/core/entry/5EM5,8,1,262.0
5EM6,A,P00533,E865A;E866A;K867A;L858R;T790M,5Q3,4-[(2-azanylpyrimidin-4-yl)amino]-~{N}-[4-(4-methylpiperazin-1-yl)phenyl]-2-oxidanylidene-1~{H}-pyridine-3-carboxamide,4-[(2-azanylpyrimidin-4-yl)amino]-~{N}-[4-(4-methylpiperazin-1-yl)phenyl]-2-oxidanylidene-1~{H}-pyridine-3-carboxamide,A,1102,CN1CCN(CC1)c2ccc(cc2)NC(=O)C3=C(C=CNC3=O)Nc4ccnc(n4)N,YDOSGCJDQXDSAQ-UHFFFAOYSA-N,NON_COVALENT,2.78,X-RAY DIFFRACTION,2015-11-05T00:00:00.000+00:00,2015-12-30T00:00:00.000+00:00,SO4,1,1,1,OK,False,,"EGFR kinase domain mutant ""TMLR"" with pyridone compound 19: 4-[(2-azanylpyrimidin-4-yl)amino]-~{N}-[4-(4-methylpiperazin-1-yl)phenyl]-2-oxidanylidene-1~{H}-pyridine-3-carboxamide",0,https://data.rcsb.org/rest/v1/core/entry/5EM6,16,0,4.0
5EM7,A,P00533,E865A;E866A;K867A;L858R;T790M,5Q4,4-[(2-methoxyphenyl)amino]-~{N}-[4-(4-methylpiperazin-1-yl)phenyl]-2-oxidanylidene-1~{H}-pyridine-3-carboxamide,4-[(2-methoxyphenyl)amino]-~{N}-[4-(4-methylpiperazin-1-yl)phenyl]-2-oxidanylidene-1~{H}-pyridine-3-carboxamide,A,1102,CN1CCN(CC1)c2ccc(cc2)NC(=O)C3=C(C=CNC3=O)Nc4ccccc4OC,DWKPGVACBGLMCU-UHFFFAOYSA-N,NON_COVALENT,2.81,X-RAY DIFFRACTION,2015-11-05T00:00:00.000+00:00,2015-12-30T00:00:00.000+00:00,SO4,1,1,1,OK,False,,"EGFR kinase domain mutant ""TMLR"" with pyridone compound 13: 4-[(2-methoxyphenyl)amino]-~{N}-[4-(4-methylpiperazin-1-yl)phenyl]-2-oxidanylidene-1~{H}-pyridine-3-carboxamide",0,https://data.rcsb.org/rest/v1/core/entry/5EM7,15,0,19.0
5EM8,A,P00533,,5Q4,4-[(2-methoxyphenyl)amino]-~{N}-[4-(4-methylpiperazin-1-yl)phenyl]-2-oxidanylidene-1~{H}-pyridine-3-carboxamide,4-[(2-methoxyphenyl)amino]-~{N}-[4-(4-methylpiperazin-1-yl)phenyl]-2-oxidanylidene-1~{H}-pyridine-3-carboxamide,A,1101,CN1CCN(CC1)c2ccc(cc2)NC(=O)C3=C(C=CNC3=O)Nc4ccccc4OC,DWKPGVACBGLMCU-UHFFFAOYSA-N,NON_COVALENT,2.8,X-RAY DIFFRACTION,2015-11-05T00:00:00.000+00:00,2015-12-30T00:00:00.000+00:00,,1,1,1,OK,False,,EGFR kinase domain with pyridone compound 13: 4-[(2-methoxyphenyl)amino]-~{N}-[4-(4-methylpiperazin-1-yl)phenyl]-2-oxidanylidene-1~{H}-pyridine-3-carboxamide,0,https://data.rcsb.org/rest/v1/core/entry/5EM8,4,0,1090.0
5GMP,A,P00533,T790M,F62,"N-[3-[2-[[2-methoxy-4-(4-methylpiperazin-1-yl)phenyl]amino]-5-methyl-7-oxidanylidene-pyrido[2,3-d]pyrimidin-8-yl]phenyl]prop-2-enamide","N-[3-[2-[[2-methoxy-4-(4-methylpiperazin-1-yl)phenyl]amino]-5-methyl-7-oxidanylidene-pyrido[2,3-d]pyrimidin-8-yl]phenyl]prop-2-enamide",A,1101,CC1=CC(=O)N(c2c1cnc(n2)Nc3ccc(cc3OC)N4CCN(CC4)C)c5cccc(c5)NC(=O)C=C,VJQPNQROUWVJQN-UHFFFAOYSA-N,COVALENT_CONFIRMED,2.797,X-RAY DIFFRACTION,2016-07-14T00:00:00.000+00:00,2017-06-28T00:00:00.000+00:00,,1,1,1,OK,True,RCSB rcsb_nonpolymer_instance_annotation: HAS_COVALENT_LINKAGE — ligand is covalently bound to EGFR (authoritative source). Will need covalent params/patch in Stage 5.,Crystal structure of EGFR 696-1022 T790M in complex with XTF-262,1,https://data.rcsb.org/rest/v1/core/entry/5GMP,16,0,0.8
5GNK,A,P00533,T790M,80U,"1-[(3R)-3-[4-azanyl-3-[3-chloranyl-4-[(1-methylimidazol-2-yl)methoxy]phenyl]pyrazolo[3,4-d]pyrimidin-1-yl]piperidin-1-yl]prop-2-en-1-one","1-[(3R)-3-[4-azanyl-3-[3-chloranyl-4-[(1-methylimidazol-2-yl)methoxy]phenyl]pyrazolo[3,4-d]pyrimidin-1-yl]piperidin-1-yl]prop-2-en-1-one",A,1001,Cn1ccnc1COc2ccc(cc2Cl)c3c4c(ncnc4n(n3)[C@@H]5CCCN(C5)C(=O)C=C)N,IDPFQFBOJCHECD-MRXNPFEDSA-N,COVALENT_CONFIRMED,1.796,X-RAY DIFFRACTION,2016-07-21T00:00:00.000+00:00,2017-04-05T00:00:00.000+00:00,"NO3,EDO,CL",1,1,1,OK,True,RCSB rcsb_nonpolymer_instance_annotation: HAS_COVALENT_LINKAGE — ligand is covalently bound to EGFR (authoritative source). Will need covalent params/patch in Stage 5.,Crystal structure of EGFR 696-988 T790M in complex with LXX-6-34,1,https://data.rcsb.org/rest/v1/core/entry/5GNK,16,0,5.3
5GTY,"A,B,C,D,E,F,G,H",P00533,T790M,816,"1-[(3R)-3-[4-azanyl-3-[3-chloranyl-4-[(6-methylpyridin-2-yl)methoxy]phenyl]pyrazolo[3,4-d]pyrimidin-1-yl]piperidin-1-yl]prop-2-en-1-one","1-[(3R)-3-[4-azanyl-3-[3-chloranyl-4-[(6-methylpyridin-2-yl)methoxy]phenyl]pyrazolo[3,4-d]pyrimidin-1-yl]piperidin-1-yl]prop-2-en-1-one","A,B,C,D,E,F,G,H","1101,1101,1101,1101,1101,1101,1101,1101",Cc1cccc(n1)COc2ccc(cc2Cl)c3c4c(ncnc4n(n3)[C@@H]5CCCN(C5)C(=O)C=C)N,IQSSEXXITFEXLL-LJQANCHMSA-N,COVALENT_CONFIRMED,3.14,X-RAY DIFFRACTION,2016-08-23T00:00:00.000+00:00,2017-09-06T00:00:00.000+00:00,EDO,1,1,8,OK,True,RCSB rcsb_nonpolymer_instance_annotation: HAS_COVALENT_LINKAGE — ligand is covalently bound to EGFR (authoritative source). Will need covalent params/patch in Stage 5. | Multiple EGFR chains (asymmetric unit) — which copy to use will be decided in Stage 3. | Low resolution: 3.14 Å,Crystal structure of EGFR 696-1022 T790M in complex with LXX-6-26,8,https://data.rcsb.org/rest/v1/core/entry/5GTY,19,0,19.01
5HCX,A,P00533,E865A;E866A;K867A;L858R;T790M,60B,"~{N}-[2-(1-cyclopropylsulfonylpyrazol-4-yl)pyrimidin-4-yl]-2-methyl-1-propan-2-yl-imidazo[4,5-c]pyridin-6-amine","~{N}-[2-(1-cyclopropylsulfonylpyrazol-4-yl)pyrimidin-4-yl]-2-methyl-1-propan-2-yl-imidazo[4,5-c]pyridin-6-amine",A,1102,Cc1nc2cnc(cc2n1C(C)C)Nc3ccnc(n3)c4cnn(c4)S(=O)(=O)C5CC5,NOWVRPHFPYFSDG-UHFFFAOYSA-N,NON_COVALENT,2.6,X-RAY DIFFRACTION,2016-01-04T00:00:00.000+00:00,2016-09-07T00:00:00.000+00:00,SO4,1,1,1,OK,False,,"EGFR kinase domain mutant ""TMLR"" with azabenzimidazole compound 7",0,https://data.rcsb.org/rest/v1/core/entry/5HCX,18,0,4.1
5HCY,A,P00533,E865A;E866A;K867A;L858R;T790M,60D,"6-[[2-(1-cyclopropylsulfonylpyrazol-4-yl)pyrimidin-4-yl]amino]-~{N}-(oxan-4-yl)-1-propan-2-yl-pyrrolo[3,2-c]pyridine-3-carboxamide","6-[[2-(1-cyclopropylsulfonylpyrazol-4-yl)pyrimidin-4-yl]amino]-~{N}-(oxan-4-yl)-1-propan-2-yl-pyrrolo[3,2-c]pyridine-3-carboxamide",A,1102,CC(C)n1cc(c2c1cc(nc2)Nc3ccnc(n3)c4cnn(c4)S(=O)(=O)C5CC5)C(=O)NC6CCOCC6,DJHWPKSBDIEQGY-UHFFFAOYSA-N,NON_COVALENT,2.46,X-RAY DIFFRACTION,2016-01-04T00:00:00.000+00:00,2016-09-07T00:00:00.000+00:00,SO4,1,1,1,OK,False,,"EGFR kinase domain mutant ""TMLR"" with 3-carboxamide azaindole compound 13",0,https://data.rcsb.org/rest/v1/core/entry/5HCY,10,0,1.2
5HG7,A,P00533,L858R;T790M;V948R,630,"1-{(3R,4R)-3-[({5-chloro-2-[(1-methyl-1H-pyrazol-4-yl)amino]-7H-pyrrolo[2,3-d]pyrimidin-4-yl}oxy)methyl]-4-methoxypyrrolidin-1-yl}propan-1-one","1-{(3R,4R)-3-[({5-chloro-2-[(1-methyl-1H-pyrazol-4-yl)amino]-7H-pyrrolo[2,3-d]pyrimidin-4-yl}oxy)methyl]-4-methoxypyrrolidin-1-yl}propan-1-one",A,9001,CCC(=O)N1C[C@@H]([C@H](C1)OC)COc2c3c(c[nH]c3nc(n2)Nc4cnn(c4)C)Cl,LYWNQEMCSWYHEM-RISCZKNCSA-N,COVALENT_CONFIRMED,1.85,X-RAY DIFFRACTION,2016-01-08T00:00:00.000+00:00,2016-01-27T00:00:00.000+00:00,SO4,1,1,1,OK,True,RCSB rcsb_nonpolymer_instance_annotation: HAS_COVALENT_LINKAGE — ligand is covalently bound to EGFR (authoritative source). Will need covalent params/patch in Stage 5.,"EGFR (L858R, T790M, V948R) in complex with 1-{(3R,4R)-3-[5-Chloro-2-(1-methyl-1H-pyrazol-4-ylamino)-7H-pyrrolo[2,3-d]pyrimidin-4-yloxymethyl]-4-methoxy-pyrrolidin-1-yl}propenone (PF-06459988)",1,https://data.rcsb.org/rest/v1/core/entry/5HG7,12,0,4.0
5HG8,A,P00533,L858R;T790M;V948R,634,"N-[3-({2-[(1-methyl-1H-pyrazol-4-yl)amino]-7H-pyrrolo[2,3-d]pyrimidin-4-yl}oxy)phenyl]propanamide","N-[3-({2-[(1-methyl-1H-pyrazol-4-yl)amino]-7H-pyrrolo[2,3-d]pyrimidin-4-yl}oxy)phenyl]propanamide",A,9001,CCC(=O)Nc1cccc(c1)Oc2c3cc[nH]c3nc(n2)Nc4cnn(c4)C,YWNHZBNRKJYHTR-UHFFFAOYSA-N,COVALENT_CONFIRMED,1.42,X-RAY DIFFRACTION,2016-01-08T00:00:00.000+00:00,2016-02-03T00:00:00.000+00:00,"SO4,GOL",1,1,1,OK,True,RCSB rcsb_nonpolymer_instance_annotation: HAS_COVALENT_LINKAGE — ligand is covalently bound to EGFR (authoritative source). Will need covalent params/patch in Stage 5.,"EGFR (L858R, T790M, V948R) in complex with N-[3-({2-[(1-methyl-1H-pyrazol-4-yl)amino]-7H-pyrrolo[2,3-d]pyrimidin-4-yl}oxy)phenyl]prop-2-enamide",1,https://data.rcsb.org/rest/v1/core/entry/5HG8,7,0,3.0
5HG9,A,P00533,L858R;T790M;V948R,63A,"1-[(3R,4R)-3-[({2-[(1-methyl-1H-pyrazol-4-yl)amino]-7H-pyrrolo[2,3-d]pyrimidin-4-yl}oxy)methyl]-4-(trifluoromethyl)pyrr
olidin-1-yl]propan-1-one","1-[(3R,4R)-3-[({2-[(1-methyl-1H-pyrazol-4-yl)amino]-7H-pyrrolo[2,3-d]pyrimidin-4-yl}oxy)methyl]-4-(trifluoromethyl)pyrr olidin-1-yl]propan-1-one",A,9001,CCC(=O)N1C[C@@H]([C@H](C1)C(F)(F)F)COc2c3cc[nH]c3nc(n2)Nc4cnn(c4)C,CKVDMJWQTVJZKC-RISCZKNCSA-N,COVALENT_CONFIRMED,2.15,X-RAY DIFFRACTION,2016-01-08T00:00:00.000+00:00,2016-02-03T00:00:00.000+00:00,"SO4,GOL",1,1,1,OK,True,RCSB rcsb_nonpolymer_instance_annotation: HAS_COVALENT_LINKAGE — ligand is covalently bound to EGFR (authoritative source). Will need covalent params/patch in Stage 5.,"EGFR (L858R, T790M, V948R) in complex with 1-[(3R,4R)-3-[({2-[(1-methyl-1H-pyrazol-4-yl)amino]-7H-pyrrolo[2,3-d]pyrimidin-4-yl}oxy)methyl]-4-(trifluoromethyl)pyrrolidin-1-yl]prop-2-en-1-one",1,https://data.rcsb.org/rest/v1/core/entry/5HG9,15,0,35.0
5J9Y,A,P00533,,6HL,"(R)-1-(3-(4-amino-3-(naphthalen-1-yl)-1H-pyrazolo[3,4-d]pyrimidin-1-yl)piperidin-1-yl)prop-2-en-1-one","(R)-1-(3-(4-amino-3-(naphthalen-1-yl)-1H-pyrazolo[3,4-d]pyrimidin-1-yl)piperidin-1-yl)prop-2-en-1-one",A,1101,C=CC(=O)N1CCC[C@H](C1)n2c3c(c(n2)c4cccc5c4cccc5)c(ncn3)N,WAJKANXMXJLTKT-MRXNPFEDSA-N,COVALENT_CONFIRMED,2.8,X-RAY DIFFRACTION,2016-04-11T00:00:00.000+00:00,2016-08-17T00:00:00.000+00:00,,1,1,1,OK,True,RCSB rcsb_nonpolymer_instance_annotation: HAS_COVALENT_LINKAGE — ligand is covalently bound to EGFR (authoritative source). Will need covalent params/patch in Stage 5.,EGFR-T790M in complex with pyrazolopyrimidine inhibitor 1b,1,https://data.rcsb.org/rest/v1/core/entry/5J9Y,17,0,58.0
5J9Z,A,P00533,T790M,6HJ,"(R)-1-(3-(4-amino-3-(1-methyl-1H-indol-3-yl)-1H-pyrazolo[3,4-d]pyrimidin-1-yl)piperidin-1-yl)prop-2-en-1-one","(R)-1-(3-(4-amino-3-(1-methyl-1H-indol-3-yl)-1H-pyrazolo[3,4-d]pyrimidin-1-yl)piperidin-1-yl)prop-2-en-1-one",A,1101,Cn1cc(c2c1cccc2)c3c4c(ncnc4n(n3)[C@@H]5CCCN(C5)C(=O)C=C)N,KFYRXHYWURCCBT-CQSZACIVSA-N,COVALENT_CONFIRMED,2.5,X-RAY DIFFRACTION,2016-04-11T00:00:00.000+00:00,2016-08-17T00:00:00.000+00:00,,1,1,1,OK,True,RCSB rcsb_nonpolymer_instance_annotation: HAS_COVALENT_LINKAGE — ligand is covalently bound to EGFR (authoritative source). Will need covalent params/patch in Stage 5.,EGFR-T790M in complex with pyrazolopyrimidine inhibitor 1a,1,https://data.rcsb.org/rest/v1/core/entry/5J9Z,16,0,16.0
5UG8,A,P00533,L858R;T790M;V948R,8BP,"N-[(3R,4R)-4-fluoro-1-{6-[(1-methyl-1H-pyrazol-4-yl)amino]-9-(propan-2-yl)-9H-purin-2-yl}pyrrolidin-3-yl]propanamide","N-[(3R,4R)-4-fluoro-1-{6-[(1-methyl-1H-pyrazol-4-yl)amino]-9-(propan-2-yl)-9H-purin-2-yl}pyrrolidin-3-yl]propanamide",A,9001,CCC(=O)N[C@@H]1CN(C[C@H]1F)c2nc(c3c(n2)n(cn3)C(C)C)Nc4cnn(c4)C,CGULPICMFDDQRH-ZIAGYGMSSA-N,COVALENT_CONFIRMED,1.46,X-RAY DIFFRACTION,2017-01-07T00:00:00.000+00:00,2017-03-22T00:00:00.000+00:00,"SO4,GOL",1,1,1,OK,True,RCSB rcsb_nonpolymer_instance_annotation: HAS_COVALENT_LINKAGE — ligand is covalently bound to EGFR (authoritative source). Will need covalent params/patch in Stage 5.,"Crystal structure of the EGFR kinase domain (L858R, T790M, V948R) in complex with a covalent inhibitor N-[(3R,4R)-4-fluoro-1-{6-[(1-methyl-1H-pyrazol-4-yl)amino]-9-(propan-2-yl)-9H-purin-2-yl}pyrrolidin-3-yl]propanamide",1,https://data.rcsb.org/rest/v1/core/entry/5UG8,15,0,2.0
5UG9,A,P00533,L858R;T790M;V948R,8AM,"N-[(3R,4R)-4-fluoro-1-{6-[(3-methoxy-1-methyl-1H-pyrazol-4-yl)amino]-9-(propan-2-yl)-9H-purin-2-yl}pyrrolidin-3-yl]propanamide","N-[(3R,4R)-4-fluoro-1-{6-[(3-methoxy-1-methyl-1H-pyrazol-4-yl)amino]-9-(propan-2-yl)-9H-purin-2-yl}pyrrolidin-3-yl]propanamide",A,9001,CCC(=O)N[C@@H]1CN(C[C@H]1F)c2nc(c3c(n2)n(cn3)C(C)C)Nc4cn(nc4OC)C,MJLFLAORJNTNDV-CHWSQXEVSA-N,COVALENT_CONFIRMED,1.33,X-RAY DIFFRACTION,2017-01-07T00:00:00.000+00:00,2017-03-22T00:00:00.000+00:00,"SO4,GOL,EDO",1,1,1,OK,True,RCSB rcsb_nonpolymer_instance_annotation: HAS_COVALENT_LINKAGE — ligand is covalently bound to EGFR (authoritative source). Will need covalent params/patch in Stage 5.,"Crystal structure of the EGFR kinase domain (L858R, T790M, V948R) in complex with a covalent inhibitor N-[(3R,4R)-4-fluoro-1-{6-[(3-methoxy-1-methyl-1H-pyrazol-4-yl)amino]-9-(propan-2-yl)-9H-purin-2-yl}pyrrolidin-3-yl]propanamide",1,https://data.rcsb.org/rest/v1/core/entry/5UG9,15,0,8.0
5UGA,A,P00533,L858R;T790M;V948R,8BM,4-(4-{[2-{[(3S)-1-acetylpyrrolidin-3-yl]amino}-9-(propan-2-yl)-9H-purin-6-yl]amino}phenyl)-1-methylpiperazin-1-ium,4-(4-{[2-{[(3S)-1-acetylpyrrolidin-3-yl]amino}-9-(propan-2-yl)-9H-purin-6-yl]amino}phenyl)-1-methylpiperazin-1-ium,A,9001,CC(C)n1cnc2c1nc(nc2Nc3ccc(cc3)N4CCN(CC4)C)N[C@H]5CCN(C5)C(=O)C,ACTNABQUCQIOKX-FQEVSTJZSA-N,NON_COVALENT,1.82,X-RAY DIFFRACTION,2017-01-07T00:00:00.000+00:00,2017-03-22T00:00:00.000+00:00,"SO4,GOL",1,1,1,OK,False,,"Crystal structure of the EGFR kinase domain (L858R, T790M, V948R) in complex with 4-(4-{[2-{[(3S)-1-acetylpyrrolidin-3-yl]amino}-9-(propan-2-yl)-9H-purin-6-yl]amino}phenyl)-1-methylpiperazin-1-ium",0,https://data.rcsb.org/rest/v1/core/entry/5UGA,13,0,161.0
5UGB,A,P00533,,8BM,4-(4-{[2-{[(3S)-1-acetylpyrrolidin-3-yl]amino}-9-(propan-2-yl)-9H-purin-6-yl]amino}phenyl)-1-methylpiperazin-1-ium,4-(4-{[2-{[(3S)-1-acetylpyrrolidin-3-yl]amino}-9-(propan-2-yl)-9H-purin-6-yl]amino}phenyl)-1-methylpiperazin-1-ium,A,9001,CC(C)n1cnc2c1nc(nc2Nc3ccc(cc3)N4CCN(CC4)C)N[C@H]5CCN(C5)C(=O)C,ACTNABQUCQIOKX-FQEVSTJZSA-N,NON_COVALENT,2.53,X-RAY DIFFRACTION,2017-01-07T00:00:00.000+00:00,2017-03-22T00:00:00.000+00:00,,1,1,1,OK,False,,Crystal structure of the EGFR kinase domain in complex with 4-(4-{[2-{[(3S)-1-acetylpyrrolidin-3-yl]amino}-9-(propan-2-yl)-9H-purin-6-yl]amino}phenyl)-1-methylpiperazin-1-ium,0,https://data.rcsb.org/rest/v1/core/entry/5UGB,5,2,161.0
5UGC,A,P00533,L858R;T790M;V948R,8BS,"N-[(3R,4R)-4-fluoro-1-{6-[(3-methoxy-1-methyl-1H-pyrazol-4-yl)amino]-9-methyl-9H-purin-2-yl}pyrrolidin-3-yl]propanamide","N-[(3R,4R)-4-fluoro-1-{6-[(3-methoxy-1-methyl-1H-pyrazol-4-yl)amino]-9-methyl-9H-purin-2-yl}pyrrolidin-3-yl]propanamide",A,9001,CCC(=O)N[C@@H]1CN(C[C@H]1F)c2nc(c3c(n2)n(cn3)C)Nc4cn(nc4OC)C,XWNKXCUQRQRAFF-GHMZBOCLSA-N,COVALENT_CONFIRMED,1.58,X-RAY DIFFRACTION,2017-01-08T00:00:00.000+00:00,2017-03-22T00:00:00.000+00:00,"SO4,GOL,EDO",1,1,1,OK,True,RCSB rcsb_nonpolymer_instance_annotation: HAS_COVALENT_LINKAGE — ligand is covalently bound to EGFR (authoritative source). Will need covalent params/patch in Stage 5.,"Crystal structure of the EGFR kinase domain (L858R, T790M, V948R) in complex with a covalent inhibitor N-[(3R,4R)-4-fluoro-1-{6-[(3-methoxy-1-methyl-1H-pyrazol-4-yl)amino]-9-methyl-9H-purin-2-yl}pyrrolidin-3-yl]propanamide",1,https://data.rcsb.org/rest/v1/core/entry/5UGC,10,0,13.0
5YU9,"A,B,C,D",P00533,T790M,1E8,"1-{(3R)-3-[4-amino-3-(4-phenoxyphenyl)-1H-pyrazolo[3,4-d]pyrimidin-1-yl]piperidin-1-yl}prop-2-en-1-one","1-{(3R)-3-[4-amino-3-(4-phenoxyphenyl)-1H-pyrazolo[3,4-d]pyrimidin-1-yl]piperidin-1-yl}prop-2-en-1-one","A,B,C,D","1101,1101,1101,1101",C=CC(=O)N1CCC[C@H](C1)n2c3c(c(n2)c4ccc(cc4)Oc5ccccc5)c(ncn3)N,XYFPWWZEPKGCCK-GOSISDBHSA-N,COVALENT_CONFIRMED,1.95,X-RAY DIFFRACTION,2017-11-21T00:00:00.000+00:00,2017-12-27T00:00:00.000+00:00,CL,1,1,4,OK,True,RCSB rcsb_nonpolymer_instance_annotation: HAS_COVALENT_LINKAGE — ligand is covalently bound to EGFR (authoritative source). Will need covalent params/patch in Stage 5. | Multiple EGFR chains (asymmetric unit) — which copy to use will be decided in Stage 3.,Crystal structure of EGFR 696-1022 T790M in complex with Ibrutinib,4,https://data.rcsb.org/rest/v1/core/entry/5YU9,13,0,180.0
