native_chain,native_resnum,native_resname,pose_resnum
A,696,GLY,1
A,697,GLU,2
A,698,ALA,3
A,699,PRO,4
A,700,ASN,5
A,701,GLN,6
A,702,ALA,7
A,703,LEU,8
A,704,LEU,9
A,705,ARG,10
A,706,ILE,11
A,707,LEU,12
A,708,LYS,13
A,709,GLU,14
A,710,THR,15
A,711,GLU,16
A,712,PHE,17
A,713,LYS,18
A,714,LYS,19
A,715,ILE,20
A,716,LYS,21
A,717,VAL,22
A,718,LEU,23
A,719,GLY,24
A,720,SER,25
A,721,GLY,26
A,722,ALA,27
A,723,PHE,28
A,724,GLY,29
A,725,THR,30
A,726,VAL,31
A,727,TYR,32
A,728,LYS,33
A,729,GLY,34
A,730,LEU,35
A,731,TRP,36
A,732,ILE,37
A,733,PRO,38
A,734,GLU,39
A,735,GLY,40
A,736,GLU,41
A,737,LYS,42
A,738,VAL,43
A,739,LYS,44
A,740,ILE,45
A,741,PRO,46
A,742,VAL,47
A,743,ALA,48
A,744,ILE,49
A,745,LYS,50
A,746,GLU,51
A,747,LEU,52
A,752,SER,53
A,753,PRO,54
A,754,LYS,55
A,755,ALA,56
A,756,ASN,57
A,757,LYS,58
A,758,GLU,59
A,759,ILE,60
A,760,LEU,61
A,761,ASP,62
A,762,GLU,63
A,763,ALA,64
A,764,TYR,65
A,765,VAL,66
A,766,MET,67
A,767,ALA,68
A,768,SER,69
A,769,VAL,70
A,770,ASP,71
A,771,ASN,72
A,772,PRO,73
A,773,HIS,74
A,774,VAL,75
A,775,CYS,76
A,776,ARG,77
A,777,LEU,78
A,778,LEU,79
A,779,GLY,80
A,780,ILE,81
A,781,CYS,82
A,782,LEU,83
A,783,THR,84
A,784,SER,85
A,785,THR,86
A,786,VAL,87
A,787,GLN,88
A,788,LEU,89
A,789,ILE,90
A,790,MET,91
A,791,GLN,92
A,792,LEU,93
A,793,MET,94
A,794,PRO,95
A,795,PHE,96
A,796,GLY,97
A,797,CYS,98
A,798,LEU,99
A,799,LEU,100
A,800,ASP,101
A,801,TYR,102
A,802,VAL,103
A,803,ARG,104
A,804,GLU,105
A,805,HIS,106
A,806,LYS,107
A,807,ASP,108
A,808,ASN,109
A,809,ILE,110
A,810,GLY,111
A,811,SER,112
A,812,GLN,113
A,813,TYR,114
A,814,LEU,115
A,815,LEU,116
A,816,ASN,117
A,817,TRP,118
A,818,CYS,119
A,819,VAL,120
A,820,GLN,121
A,821,ILE,122
A,822,ALA,123
A,823,LYS,124
A,824,GLY,125
A,825,MET,126
A,826,ASN,127
A,827,TYR,128
A,828,LEU,129
A,829,GLU,130
A,830,ASP,131
A,831,ARG,132
A,832,ARG,133
A,833,LEU,134
A,834,VAL,135
A,835,HIS,136
A,836,ARG,137
A,837,ASP,138
A,838,LEU,139
A,839,ALA,140
A,840,ALA,141
A,841,ARG,142
A,842,ASN,143
A,843,VAL,144
A,844,LEU,145
A,845,VAL,146
A,846,LYS,147
A,847,THR,148
A,848,PRO,149
A,849,GLN,150
A,850,HIS,151
A,851,VAL,152
A,852,LYS,153
A,853,ILE,154
A,854,THR,155
A,855,ASP,156
A,856,PHE,157
A,857,GLY,158
A,858,ARG,159
A,859,ALA,160
A,860,LYS,161
A,861,LEU,162
A,876,VAL,163
A,877,PRO,164
A,878,ILE,165
A,879,LYS,166
A,880,TRP,167
A,881,MET,168
A,882,ALA,169
A,883,LEU,170
A,884,GLU,171
A,885,SER,172
A,886,ILE,173
A,887,LEU,174
A,888,HIS,175
A,889,ARG,176
A,890,ILE,177
A,891,TYR,178
A,892,THR,179
A,893,HIS,180
A,894,GLN,181
A,895,SER,182
A,896,ASP,183
A,897,VAL,184
A,898,TRP,185
A,899,SER,186
A,900,TYR,187
A,901,GLY,188
A,902,VAL,189
A,903,THR,190
A,904,VAL,191
A,905,TRP,192
A,906,GLU,193
A,907,LEU,194
A,908,MET,195
A,909,THR,196
A,910,PHE,197
A,911,GLY,198
A,912,SER,199
A,913,LYS,200
A,914,PRO,201
A,915,TYR,202
A,916,ASP,203
A,917,GLY,204
A,918,ILE,205
A,919,PRO,206
A,920,ALA,207
A,921,SER,208
A,922,GLU,209
A,923,ILE,210
A,924,SER,211
A,925,SER,212
A,926,ILE,213
A,927,LEU,214
A,928,GLU,215
A,929,LYS,216
A,930,GLY,217
A,931,GLU,218
A,932,ARG,219
A,933,LEU,220
A,934,PRO,221
A,935,GLN,222
A,936,PRO,223
A,937,PRO,224
A,938,ILE,225
A,939,CYS,226
A,940,THR,227
A,941,ILE,228
A,942,ASP,229
A,943,VAL,230
A,944,TYR,231
A,945,MET,232
A,946,ILE,233
A,947,MET,234
A,948,VAL,235
A,949,LYS,236
A,950,CYS,237
A,951,TRP,238
A,952,MET,239
A,953,ILE,240
A,954,ASP,241
A,955,ALA,242
A,956,ASP,243
A,957,SER,244
A,958,ARG,245
A,959,PRO,246
A,960,LYS,247
A,961,PHE,248
A,962,ARG,249
A,963,GLU,250
A,964,LEU,251
A,965,ILE,252
A,966,ILE,253
A,967,GLU,254
A,968,PHE,255
A,969,SER,256
A,970,LYS,257
A,971,MET,258
A,972,ALA,259
A,973,ARG,260
A,974,ASP,261
A,975,PRO,262
A,976,GLN,263
A,977,ARG,264
A,978,TYR,265
A,979,LEU,266
A,980,VAL,267
A,981,ILE,268
A,982,GLN,269
A,983,GLY,270
A,984,ASP,271
A,985,GLU,272
A,986,ARG,273
A,987,MET,274
A,988,HIS,275
A,989,LEU,276
A,990,PRO,277
A,991,SER,278
A,992,PRO,279
A,993,THR,280
A,994,ASP,281
A,995,SER,282
A,996,ASN,283
A,997,PHE,284
A,998,TYR,285
A,1007,MET,286
A,1008,ASP,287
A,1009,ASP,288
A,1010,VAL,289
A,1011,VAL,290
A,1012,ASP,291
A,1013,ALA,292
A,1014,ASP,293
A,1015,GLU,294
A,1016,TYR,295
A,1017,LEU,296
A,1018,ILE,297
A,1102,4ZR,298
